('ACURA / HONDA', 'K20A', 'https://www.jepistons.com/catalogsearch/result?q=customhome&type=makeengine&engine=556&make=8589'),
('ACURA / HONDA', 'K24A WITH K20A HEAD', 'https://www.jepistons.com/catalogsearch/result?q=customhome&type=makeengine&engine=8481&make=8589'),
('ACURA / HONDA', 'B SERIES', 'https://www.jepistons.com/catalogsearch/result?q=customhome&type=makeengine&engine=9927&make=8589'),
('ACURA / HONDA', 'L15A VTEC', 'https://www.jepistons.com/catalogsearch/result?q=customhome&type=makeengine&engine=1210&make=8589'),
('ACURA / HONDA', 'K20C TURBO', 'https://www.jepistons.com/catalogsearch/result?q=customhome&type=makeengine&engine=1429&make=8589'),
('ACURA / HONDA', 'F20C', 'https://www.jepistons.com/catalogsearch/result?q=customhome&type=makeengine&engine=10341&make=8589'),
('ACURA / HONDA', 'H22A', 'https://www.jepistons.com/catalogsearch/result?q=customhome&type=makeengine&engine=9315&make=8589'),
('ACURA / HONDA', 'L15B7 TURBO', 'https://www.jepistons.com/catalogsearch/result?q=customhome&type=makeengine&engine=5014&make=8589'),
('ACURA / HONDA', 'H23A', 'https://www.jepistons.com/catalogsearch/result?q=customhome&type=makeengine&engine=10125&make=8589'),
('APRILIA', '839cc APRILIA MANA', 'https://www.jepistons.com/catalogsearch/result?q=customhome&type=makeengine&engine=2290&make=10614'),
('APRILIA', '878cc APRILIA MANA', 'https://www.jepistons.com/catalogsearch/result?q=customhome&type=makeengine&engine=2404&make=10614'),
('ARCTIC CAT', '450cc 400DVX', 'https://www.jepistons.com/catalogsearch/result?q=customhome&type=makeengine&engine=6520&make=9336'),
('ARCTIC CAT', '951cc ARCTIC CAT 1000I WILD CAT', 'https://www.jepistons.com/catalogsearch/result?q=customhome&type=makeengine&engine=1729&make=9336'), 
('AUDI / VOLKSWAGEN', '1.8T 20V - 20MM PIN - FULL ROUND SERIES', 'https://www.jepistons.com/catalogsearch/result?q=customhome&type=makeengine&engine=529&make=8571'),
('AUDI / VOLKSWAGEN', '2.7TT S4 30V', 'https://www.jepistons.com/catalogsearch/result?q=customhome&type=makeengine&engine=568&make=8571'),
('AUDI / VOLKSWAGEN', '1.8T 20V - 20MM PIN - ASYMMETRICAL SERIES', 'https://www.jepistons.com/catalogsearch/result?q=customhome&type=makeengine&engine=589&make=8571'),
('AUDI / VOLKSWAGEN', '2.0 TURBO FSI - 20MM PIN - NEW FSR SERIES', 'https://www.jepistons.com/catalogsearch/result?q=customhome&type=makeengine&engine=646&make=8571'),
('AUDI / VOLKSWAGEN', 'VR6 12V', 'https://www.jepistons.com/catalogsearch/result?q=customhome&type=makeengine&engine=661&make=8571'),
('AUDI / VOLKSWAGEN', '2.0T TSI - 21MM PIN - FULL ROUND SERIES', 'https://www.jepistons.com/catalogsearch/result?q=customhome&type=makeengine&engine=715&make=8571'),
('AUDI / VOLKSWAGEN', '2.0T TSI - 23MM PIN - FULL ROUND SERIES', 'https://www.jepistons.com/catalogsearch/result?q=customhome&type=makeengine&engine=856&make=8571'),
('AUDI / VOLKSWAGEN', '2.0T TSI - 21MM PIN - ASYMMETRICAL', 'https://www.jepistons.com/catalogsearch/result?q=customhome&type=makeengine&engine=862&make=8571'),
('AUDI / VOLKSWAGEN', 'R32 3.2L VR6 24V', 'https://www.jepistons.com/catalogsearch/result?q=customhome&type=makeengine&engine=11082&make=8571'),
('AUDI / VOLKSWAGEN', '2.0T TSI - 23MM PIN - NEW FSR SERIES', 'https://www.jepistons.com/catalogsearch/result?q=customhome&type=makeengine&engine=1459&make=8571'),
('AUDI / VOLKSWAGEN', '2.8L VRS 24V', 'https://www.jepistons.com/catalogsearch/result?q=customhome&type=makeengine&engine=1468&make=8571'),
('AUDI / VOLKSWAGEN', '1.8T 20V - 20MM PIN - NEW FSR SERIES', 'https://www.jepistons.com/catalogsearch/result?q=customhome&type=makeengine&engine=1480&make=8571'),
('AUDI / VOLKSWAGEN', '2.0T TSI - 22MM PIN - NEW FSR SERIES', 'https://www.jepistons.com/catalogsearch/result?q=customhome&type=makeengine&engine=1630&make=8571'),
('AUDI / VOLKSWAGEN', '2.0L 9A 16V', 'https://www.jepistons.com/catalogsearch/result?q=customhome&type=makeengine&engine=1747&make=8571'),
('AUDI / VOLKSWAGEN', '2.0 TURBO FSI - 20MM PIN - FULL ROUND SERIES', 'https://www.jepistons.com/catalogsearch/result?q=customhome&type=makeengine&engine=1768&make=8571'),
('AUDI / VOLKSWAGEN', '1.8L 16V KR/PL', 'https://www.jepistons.com/catalogsearch/result?q=customhome&type=makeengine&engine=1819&make=8571'),
('AUDI / VOLKSWAGEN', '2.0 TURBO FSI - 20MM PIN - ASYMMETRICAL SERIES', 'https://www.jepistons.com/catalogsearch/result?q=customhome&type=makeengine&engine=1945&make=8571'),
('AUDI / VOLKSWAGEN', '2.0L 8V', 'https://www.jepistons.com/catalogsearch/result?q=customhome&type=makeengine&engine=2329&make=8571'),
('AUDI / VOLKSWAGEN', '1.4L TFSI', 'https://www.jepistons.com/catalogsearch/result?q=customhome&type=makeengine&engine=8376&make=8571'),
('AUDI / VOLKSWAGEN', '2.0T TSI - 21MM PIN - NEW FSR SERIES', 'https://www.jepistons.com/catalogsearch/result?q=customhome&type=makeengine&engine=2368&make=8571'),
('AUDI / VOLKSWAGEN', 'TT RS 5 CYL', 'https://www.jepistons.com/catalogsearch/result?q=customhome&type=makeengine&engine=5308&make=8571'),
('AUDI / VOLKSWAGEN', '2.0T TSI - 22MM PIN - FULL ROUND SERIES', 'https://www.jepistons.com/catalogsearch/result?q=customhome&type=makeengine&engine=4192&make=8571'),
('AUDI / VOLKSWAGEN', 'RS2 5 CYL', 'https://www.jepistons.com/catalogsearch/result?q=customhome&type=makeengine&engine=3889&make=8571'),
('AUDI / VOLKSWAGEN', '1.8T 20V', 'https://www.jepistons.com/catalogsearch/result?q=customhome&type=makeengine&engine=8337&make=8571'),
('AUDI / VOLKSWAGEN', '2.0T TSI ULTRA SERIES', 'https://www.jepistons.com/catalogsearch/result?q=customhome&type=makeengine&engine=9630&make=8571'),
('BMW', 'S52B32 US', 'https://www.jepistons.com/catalogsearch/result?q=customhome&type=makeengine&engine=9951&make=8610'),
('BMW', 'S5032 EURO', 'https://www.jepistons.com/catalogsearch/result?q=customhome&type=makeengine&engine=11739&make=8610'), 
('BMW', '3.0L N55 B30', 'https://www.jepistons.com/catalogsearch/result?q=customhome&type=makeengine&engine=1231&make=8610'), 
('BMW', 'S14B23', 'https://www.jepistons.com/catalogsearch/result?q=customhome&type=makeengine&engine=1264&make=8610'), 
('BMW', 'S54B32 3.2L 24V', 'https://www.jepistons.com/catalogsearch/result?q=customhome&type=makeengine&engine=11778&make=8610'), 
('BMW', 'S50B30 US', 'https://www.jepistons.com/catalogsearch/result?q=customhome&type=makeengine&engine=10830&make=8610'), 
('BMW', '3.0L N54 B30', 'https://www.jepistons.com/catalogsearch/result?q=customhome&type=makeengine&engine=1843&make=8610'), 
('BMW', 'S50B32 EURO', 'https://www.jepistons.com/catalogsearch/result?q=customhome&type=makeengine&engine=9717&make=8610'), 
('BMW', 'S50B30 EURO', 'https://www.jepistons.com/catalogsearch/result?q=customhome&type=makeengine&engine=10503&make=8610'), 
('BOMBARDIER / CAN AM', '976cc CAN AM MAVERICK 1000 X RS DPS', 'https://www.jepistons.com/catalogsearch/result?q=customhome&type=makeengine&engine=1801&make=8694'), 
('BOMBARDIER / CAN AM', '1018cc DEFENDER', 'https://www.jepistons.com/catalogsearch/result?q=customhome&type=makeengine&engine=2509&make=8694'), 
('BOMBARDIER / CAN AM', '1018cc COMMANDER 1000 X', 'https://www.jepistons.com/catalogsearch/result?q=customhome&type=makeengine&engine=2512&make=8694'), 
('BOMBARDIER / CAN AM', '1018cc OUTLANDER', 'https://www.jepistons.com/catalogsearch/result?q=customhome&type=makeengine&engine=2515&make=8694'), 
('BOMBARDIER / CAN AM', '1018cc RENEGADE', 'https://www.jepistons.com/catalogsearch/result?q=customhome&type=makeengine&engine=2518&make=8694'), 
('BOMBARDIER / CAN AM', '976cc DEFENDER', 'https://www.jepistons.com/catalogsearch/result?q=customhome&type=makeengine&engine=2635&make=8694'), 
('BOMBARDIER / CAN AM', '976cc OUTLANDER', 'https://www.jepistons.com/catalogsearch/result?q=customhome&type=makeengine&engine=2638&make=8694'), 
('BOMBARDIER / CAN AM', '976cc COMMANDER 1000 X', 'https://www.jepistons.com/catalogsearch/result?q=customhome&type=makeengine&engine=2644&make=8694'), 
('BOMBARDIER / CAN AM', '976cc RENEGADE', 'https://www.jepistons.com/catalogsearch/result?q=customhome&type=makeengine&engine=2641&make=8694'), 
('BOMBARDIER / CAN AM', '843cc OUTLANDER 800', 'https://www.jepistons.com/catalogsearch/result?q=customhome&type=makeengine&engine=2596&make=8694'), 
('BOMBARDIER / CAN AM', '843cc RENEGADE 800', 'https://www.jepistons.com/catalogsearch/result?q=customhome&type=makeengine&engine=2599&make=8694'),
('BUICK', 'GRAND NATIONAL', 'https://www.jepistons.com/catalogsearch/result?q=customhome&type=makeengine&engine=10842&make=10845'), 
('CHEVROLET', '18° BIG CHIEF / BIG DUKE - NITROUS SERIES', 'https://www.jepistons.com/catalogsearch/result?q=customhome&type=makeengine&engine=10362&make=8559'), 
('CHEVROLET', 'GEN V LT1', 'https://www.jepistons.com/catalogsearch/result?q=customhome&type=makeengine&engine=9501&make=8559'), 
('CHEVROLET', 'GEN III/IV LS', 'https://www.jepistons.com/catalogsearch/result?q=customhome&type=makeengine&engine=8070&make=8559'), 
('CHEVROLET', '350 - 23°', 'https://www.jepistons.com/catalogsearch/result?q=customhome&type=makeengine&engine=8421&make=8559'), 
('CHEVROLET', 'BBC - OPEN CHAMBER', 'https://www.jepistons.com/catalogsearch/result?q=customhome&type=makeengine&engine=8349&make=8559'), 
('CHEVROLET', '400 - 23°', 'https://www.jepistons.com/catalogsearch/result?q=customhome&type=makeengine&engine=8181&make=8559'), 
('CHEVROLET', 'BBC - OPEN CHAMBER - GAS PORTED - LIGHTWEIGHT - FSR', 'https://www.jepistons.com/catalogsearch/result?q=customhome&type=makeengine&engine=9171&make=8559'), 
('CHEVROLET', 'GEN V LT4', 'https://www.jepistons.com/catalogsearch/result?q=customhome&type=makeengine&engine=8064&make=8559'), 
('CHEVROLET', 'GEN III/IV LS DOME - 15° CYLINDER HEAD ONLY', 'https://www.jepistons.com/catalogsearch/result?q=customhome&type=makeengine&engine=8139&make=8559'), 
('CHEVROLET', '632 - 12° / 14°', 'https://www.jepistons.com/catalogsearch/result?q=customhome&type=makeengine&engine=9120&make=8559'), 
('CHEVROLET', '400 - 13°', 'https://www.jepistons.com/catalogsearch/result?q=customhome&type=makeengine&engine=11256&make=8559'), 
('CHEVROLET', '350 - ULTRA-LIGHT - GAS PORTED - 23°', 'https://www.jepistons.com/catalogsearch/result?q=customhome&type=makeengine&engine=8463&make=8559'), 
('CHEVROLET', '2.0L TURBO ECOTEC LTG', 'https://www.jepistons.com/catalogsearch/result?q=customhome&type=makeengine&engine=1084&make=8559'), 
('CHEVROLET', '350 - TOUR SERIES - GAS PORTED - 23°', 'https://www.jepistons.com/catalogsearch/result?q=customhome&type=makeengine&engine=8685&make=8559'), 
('CHEVROLET', 'GEN III/IV LS7', 'https://www.jepistons.com/catalogsearch/result?q=customhome&type=makeengine&engine=9444&make=8559'), 
('CHEVROLET', 'BBC NITROUS SERIES', 'https://www.jepistons.com/catalogsearch/result?q=customhome&type=makeengine&engine=8361&make=8559'), 
('CHEVROLET', '400 - 18°', 'https://www.jepistons.com/catalogsearch/result?q=customhome&type=makeengine&engine=8412&make=8559'), 
('CHEVROLET', '400 - GAS PORTED - F.S.R. - HOLLOW DOME - 23°', 'https://www.jepistons.com/catalogsearch/result?q=customhome&type=makeengine&engine=8718&make=8559'), 
('CHEVROLET', '400 - EXTREME DUTY - INVERTED DOME - 23°', 'https://www.jepistons.com/catalogsearch/result?q=customhome&type=makeengine&engine=9969&make=8559'), 
('CHEVROLET', '350 - NITROUS - DOME - 23°', 'https://www.jepistons.com/catalogsearch/result?q=customhome&type=makeengine&engine=11046&make=8559'), 
('CHEVROLET', '350 - GAS PORTED - F.S.R. - HOLLOW DOME - 23°', 'https://www.jepistons.com/catalogsearch/result?q=customhome&type=makeengine&engine=10272&make=8559'), 
('CHEVROLET', '350 - EXTREME DUTY - INVERTED DOME - 23°', 'https://www.jepistons.com/catalogsearch/result?q=customhome&type=makeengine&engine=9276&make=8559'), 
('CHEVROLET', '400 - 15°', 'https://www.jepistons.com/catalogsearch/result?q=customhome&type=makeengine&engine=8280&make=8559'), 
('CHEVROLET', 'BRODIX® 11X CYLINDER HEAD - 360 SPRINT CAR ASCS - FSR', 'https://www.jepistons.com/catalogsearch/result?q=customhome&type=makeengine&engine=11337&make=8559'), 
('CHEVROLET', '18° BIG CHIEF / BIG DUKE - GAS PORTED', 'https://www.jepistons.com/catalogsearch/result?q=customhome&type=makeengine&engine=9096&make=8559'), 
('CHEVROLET', '350 - F.S.R. SUPERFLY - GAS PORTED - 23°', 'https://www.jepistons.com/catalogsearch/result?q=customhome&type=makeengine&engine=8466&make=8559'), 
('CHEVROLET', '305 - APBA - 23°', 'https://www.jepistons.com/catalogsearch/result?q=customhome&type=makeengine&engine=9417&make=8559'), 
('CHEVROLET', 'BBC - APBA - DART HEAD - DOME', 'https://www.jepistons.com/catalogsearch/result?q=customhome&type=makeengine&engine=8715&make=8559'), 
('CHEVROLET', 'BBC - BLOWN ALCOHOL - DOME', 'https://www.jepistons.com/catalogsearch/result?q=customhome&type=makeengine&engine=11001&make=8559'), 
('CHEVROLET', '400 - GAS PORTED - DOME - 18°', 'https://www.jepistons.com/catalogsearch/result?q=customhome&type=makeengine&engine=10575&make=8559'), 
('CHEVROLET', 'BBC - CLOSED CHAMBER', 'https://www.jepistons.com/catalogsearch/result?q=customhome&type=makeengine&engine=8103&make=8559'), 
('CHEVROLET', '351 - N HEAD - GAS PORTED - FLAT TOP', 'https://www.jepistons.com/catalogsearch/result?q=customhome&type=makeengine&engine=12183&make=8559'), 
('CHEVROLET', 'BBC NITROUS SERIES - FOR HUNTER SERIES HEAD CYLINDER HEAD WITH 2.400" INTAKE VALVES', 'https://www.jepistons.com/catalogsearch/result?q=customhome&type=makeengine&engine=8244&make=8559'), 
('CHEVROLET', 'BBC GAS PORTED DOME', 'https://www.jepistons.com/catalogsearch/result?q=customhome&type=makeengine&engine=9972&make=8559'), 
('CHEVROLET', 'GEN III/IV LS1', 'https://www.jepistons.com/catalogsearch/result?q=customhome&type=makeengine&engine=9492&make=8559'), 
('CHEVROLET', '350 - ULTRA-LIGHT - FLAT TOP - 23°', 'https://www.jepistons.com/catalogsearch/result?q=customhome&type=makeengine&engine=10815&make=8559'), 
('CHEVROLET', '350 - F.S.R. TOUR SERIES - GAS PORTED - 23°', 'https://www.jepistons.com/catalogsearch/result?q=customhome&type=makeengine&engine=8499&make=8559'), 
('CHEVROLET', '305 - 23°', 'https://www.jepistons.com/catalogsearch/result?q=customhome&type=makeengine&engine=10956&make=8559'), 
('CHEVROLET', '360 SPRINT CAR ASCS', 'https://www.jepistons.com/catalogsearch/result?q=customhome&type=makeengine&engine=9624&make=8559'), 
('CHEVROLET', '400 - NITROUS - DOME - 23°', 'https://www.jepistons.com/catalogsearch/result?q=customhome&type=makeengine&engine=10812&make=8559'), 
('CHEVROLET', '350 - ULTRA-LIGHT - GAS PORTED - 21°  ANGLE MILLED CYLINDER HEADS', 'https://www.jepistons.com/catalogsearch/result?q=customhome&type=makeengine&engine=9162&make=8559'), 
('CHEVROLET', '350 - GAS PORTED - INVERTED DOME - 23°', 'https://www.jepistons.com/catalogsearch/result?q=customhome&type=makeengine&engine=10230&make=8559'), 
('CHEVROLET', '400 - BRODIX® 11X CYLINDER HEAD', 'https://www.jepistons.com/catalogsearch/result?q=customhome&type=makeengine&engine=8520&make=8559'), 
('CHEVROLET', '400 - 14°', 'https://www.jepistons.com/catalogsearch/result?q=customhome&type=makeengine&engine=12243&make=8559'), 
('CHEVROLET', '350 - 18°', 'https://www.jepistons.com/catalogsearch/result?q=customhome&type=makeengine&engine=9816&make=8559'), 
('CHEVROLET', '400 - TOUR SERIES - GAS PORTED - 23°', 'https://www.jepistons.com/catalogsearch/result?q=customhome&type=makeengine&engine=12204&make=8559'), 
('CHEVROLET', 'BBC - PRO MOD STYLE - GAS PORTED - 18°', 'https://www.jepistons.com/catalogsearch/result?q=customhome&type=makeengine&engine=11964&make=8559'), 
('CHEVROLET', 'GEN III/IV LS 4.8L / 5.3L', 'https://www.jepistons.com/catalogsearch/result?q=customhome&type=makeengine&engine=8667&make=8559'), 
('CHEVROLET', '602 / 604 CRATE', 'https://www.jepistons.com/catalogsearch/result?q=customhome&type=makeengine&engine=8679&make=8559'), 
('CHEVROLET', '350 - 23° LATE MODEL STOCK - 2 VALVE', 'https://www.jepistons.com/catalogsearch/result?q=customhome&type=makeengine&engine=8751&make=8559'), 
('CHEVROLET', '305 - SPRINT CAR FLAT TOP', 'https://www.jepistons.com/catalogsearch/result?q=customhome&type=makeengine&engine=9240&make=8559'), 
('CHEVROLET', '572 - REPLACEMENT  SERIES', 'https://www.jepistons.com/catalogsearch/result?q=customhome&type=makeengine&engine=9261&make=8559'), 
('CHEVROLET', 'CANADIAN NASCAR', 'https://www.jepistons.com/catalogsearch/result?q=customhome&type=makeengine&engine=8784&make=8559'), 
('CHEVROLET', '427 - APBA - OPEN CHAMBER - DOME', 'https://www.jepistons.com/catalogsearch/result?q=customhome&type=makeengine&engine=10443&make=8559'), 
('CHEVROLET', 'BBC - EDELBROCK® 118CC CLYINDER HEAD DOME', 'https://www.jepistons.com/catalogsearch/result?q=customhome&type=makeengine&engine=11376&make=8559'), 
('CHEVROLET', '302 - 23°', 'https://www.jepistons.com/catalogsearch/result?q=customhome&type=makeengine&engine=11517&make=8559'), 
('CHEVROLET', '502 - REPLACEMENT  SERIES', 'https://www.jepistons.com/catalogsearch/result?q=customhome&type=makeengine&engine=11835&make=8559'), 
('CHEVROLET', '327 - 23°', 'https://www.jepistons.com/catalogsearch/result?q=customhome&type=makeengine&engine=12351&make=8559'),
('CHRYSLER', '340 FLAT TOP', 'https://www.jepistons.com/catalogsearch/result?q=customhome&type=makeengine&engine=9831&make=8562'),
('CHRYSLER', '440 BIG BLOCK INVERTED DOME', 'https://www.jepistons.com/catalogsearch/result?q=customhome&type=makeengine&engine=11403&make=8562'),
('CHRYSLER', '440 WEDGE FLAT TOP', 'https://www.jepistons.com/catalogsearch/result?q=customhome&type=makeengine&engine=11796&make=8562'),
('CHRYSLER', '426 - HEMI', 'https://www.jepistons.com/catalogsearch/result?q=customhome&type=makeengine&engine=10782&make=8562'),
('CHRYSLER', '440 WEDGE DOME', 'https://www.jepistons.com/catalogsearch/result?q=customhome&type=makeengine&engine=9111&make=8562'),
('CHRYSLER', '420A / ECB /ECC', 'https://www.jepistons.com/catalogsearch/result?q=customhome&type=makeengine&engine=2992&make=8562'),
('CHRYSLER', 'A853', 'https://www.jepistons.com/catalogsearch/result?q=customhome&type=makeengine&engine=4417&make=8562'),
('CHRYSLER', '360 FLAT TOP', 'https://www.jepistons.com/catalogsearch/result?q=customhome&type=makeengine&engine=8409&make=8562'),
('CHRYSLER', '340 INVERTED DOME', 'https://www.jepistons.com/catalogsearch/result?q=customhome&type=makeengine&engine=9105&make=8562'),
('CHRYSLER', '400 - MOPAR - WEDGE - FLAT TOP', 'https://www.jepistons.com/catalogsearch/result?q=customhome&type=makeengine&engine=12612&make=8562'),
('CHRYSLER', '360 INVERTED DOME', 'https://www.jepistons.com/catalogsearch/result?q=customhome&type=makeengine&engine=11838&make=8562'),
('CHRYSLER', '440 INVERTED DOME', 'https://www.jepistons.com/catalogsearch/result?q=customhome&type=makeengine&engine=8082&make=8562'),
('CHRYSLER', '440 FLAT TOP', 'https://www.jepistons.com/catalogsearch/result?q=customhome&type=makeengine&engine=8121&make=8562'),
('CHRYSLER', 'GEN III HEMI 6.2L HELLCAT .927 PIN', 'https://www.jepistons.com/catalogsearch/result?q=customhome&type=makeengine&engine=8778&make=8562'),
('CHRYSLER', 'CANADIAN NASCAR', 'https://www.jepistons.com/catalogsearch/result?q=customhome&type=makeengine&engine=8784&make=8562'),
('CHRYSLER', 'SRT4', 'https://www.jepistons.com/catalogsearch/result?q=customhome&type=makeengine&engine=8808&make=8562'),
('CHRYSLER', '2.0 ECC/ECB', 'https://www.jepistons.com/catalogsearch/result?q=customhome&type=makeengine&engine=9804&make=8562'),
('CHRYSLER', 'GEN III HEMI 6.4L APACHE .927 PIN', 'https://www.jepistons.com/catalogsearch/result?q=customhome&type=makeengine&engine=9939&make=8562'),
('CHRYSLER', '318 - FLAT TOP', 'https://www.jepistons.com/catalogsearch/result?q=customhome&type=makeengine&engine=10086&make=8562'),
('CHRYSLER', '400 BIG BLOCK', 'https://www.jepistons.com/catalogsearch/result?q=customhome&type=makeengine&engine=10326&make=8562'),
('CHRYSLER', 'TOP FUEL', 'https://www.jepistons.com/catalogsearch/result?q=customhome&type=makeengine&engine=10527&make=8562'),
('CHRYSLER', '383 FLAT TOP', 'https://www.jepistons.com/catalogsearch/result?q=customhome&type=makeengine&engine=11814&make=8562'),
('CHRYSLER', '400 - BIG BLOCK FLAT TOP', 'https://www.jepistons.com/catalogsearch/result?q=customhome&type=makeengine&engine=12459&make=8562'),
('CHRYSLER', '426 HEMI', 'https://www.jepistons.com/catalogsearch/result?q=customhome&type=makeengine&engine=12561&make=8562'),
('CITROEN', 'TU5J4', 'https://www.jepistons.com/catalogsearch/result?q=customhome&type=makeengine&engine=649&make=10899'),
('FERRARI', '246 DINO', 'https://www.jepistons.com/catalogsearch/result?q=customhome&type=makeengine&engine=11010&make=8604'),
('FERRARI', '4.0L V12 2V SOHC - COLOMBO', 'https://www.jepistons.com/catalogsearch/result?q=customhome&type=makeengine&engine=1741&make=8604'),
('FERRARI', '2.9L V8 4V DOHC - QUATTROVALVOLE', 'https://www.jepistons.com/catalogsearch/result?q=customhome&type=makeengine&engine=2161&make=8604'),
('FERRARI', '250 V12', 'https://www.jepistons.com/catalogsearch/result?q=customhome&type=makeengine&engine=12021&make=8604'),
('FERRARI', '308 2.9L V8 2V DOHC', 'https://www.jepistons.com/catalogsearch/result?q=customhome&type=makeengine&engine=8460&make=8604'),
('FIAT', '176A', 'https://www.jepistons.com/catalogsearch/result?q=customhome&type=makeengine&engine=2260&make=10806'),
('FIAT', '146A', 'https://www.jepistons.com/catalogsearch/result?q=customhome&type=makeengine&engine=2392&make=10806'),
('FIAT', '2.0L TURBO 20V', 'https://www.jepistons.com/catalogsearch/result?q=customhome&type=makeengine&engine=2473&make=10806'),
('FIAT', '159A', 'https://www.jepistons.com/catalogsearch/result?q=customhome&type=makeengine&engine=2608&make=10806'),
('FORD', '302 - 8.200" DART / SVO BLOCK - DOME', 'https://www.jepistons.com/catalogsearch/result?q=customhome&type=makeengine&engine=9993&make=8565'),
('FORD', '4.6L - FORD - MODULAR - 3 VALVE', 'https://www.jepistons.com/catalogsearch/result?q=customhome&type=makeengine&engine=8253&make=8565'),
('FORD', '5.0L  - MODULAR COYOTE', 'https://www.jepistons.com/catalogsearch/result?q=customhome&type=makeengine&engine=8238&make=8565'),
('FORD', 'N5B - YB', 'https://www.jepistons.com/catalogsearch/result?q=customhome&type=makeengine&engine=730&make=8565'),
('FORD', '4.6L - FORD - MODULAR - 4 VALVE', 'https://www.jepistons.com/catalogsearch/result?q=customhome&type=makeengine&engine=8250&make=8565'),
('FORD', '2.3L ECOBOOST', 'https://www.jepistons.com/catalogsearch/result?q=customhome&type=makeengine&engine=880&make=8565'),
('FORD', '3.5L ECOBOOST V6 GEN 1', 'https://www.jepistons.com/catalogsearch/result?q=customhome&type=makeengine&engine=9363&make=8565'),
('FORD', '5.4L - FORD - MODULAR - 2 VALVE', 'https://www.jepistons.com/catalogsearch/result?q=customhome&type=makeengine&engine=9567&make=8565'),
('FORD', '351W - HEAVY DUTY - FLAT TOP', 'https://www.jepistons.com/catalogsearch/result?q=customhome&type=makeengine&engine=10245&make=8565'),
('FORD', '460 - STROKER - M-6049-SCJ CYLINDER HEAD - FLAT TOP', 'https://www.jepistons.com/catalogsearch/result?q=customhome&type=makeengine&engine=10554&make=8565'),
('FORD', '302 - STROKER - HEAVY DUTY - INVERTED DOME', 'https://www.jepistons.com/catalogsearch/result?q=customhome&type=makeengine&engine=8445&make=8565'),
('FORD', '5.0L - COYOTE - MODULAR - GEN 3 - DIRECT INJECTION', 'https://www.jepistons.com/catalogsearch/result?q=customhome&type=makeengine&engine=10413&make=8565'),
('FORD', '427 FE FLAT TOP', 'https://www.jepistons.com/catalogsearch/result?q=customhome&type=makeengine&engine=10119&make=8565'),
('FORD', '4.6L - FORD - MODULAR - 2 VALVE', 'https://www.jepistons.com/catalogsearch/result?q=customhome&type=makeengine&engine=9387&make=8565'),
('FORD', '5.4L - FORD - MODULAR - 3 VALVE', 'https://www.jepistons.com/catalogsearch/result?q=customhome&type=makeengine&engine=9579&make=8565'),
('FORD', '2.0 ZX3 ZETEC', 'https://www.jepistons.com/catalogsearch/result?q=customhome&type=makeengine&engine=11973&make=8565'),
('FORD', '5.2L - GT350 - VOODOO - MODULAR', 'https://www.jepistons.com/catalogsearch/result?q=customhome&type=makeengine&engine=11874&make=8565'),
('FORD', '460 - STROKER - M-6049-SCJ CYLINDER HEAD - INVERTED DOME', 'https://www.jepistons.com/catalogsearch/result?q=customhome&type=makeengine&engine=12120&make=8565'),
('FORD', '5.4L - FORD - MODULAR - 4 VALVE', 'https://www.jepistons.com/catalogsearch/result?q=customhome&type=makeengine&engine=8178&make=8565'),
('FORD', '2.5L TURBO 20V', 'https://www.jepistons.com/catalogsearch/result?q=customhome&type=makeengine&engine=2197&make=8565'),
('FORD', '351W - STROKER - HEAVY DUTY - FLAT TOP', 'https://www.jepistons.com/catalogsearch/result?q=customhome&type=makeengine&engine=10545&make=8565'),
('FORD', '460 - 15° - FLAT TOP', 'https://www.jepistons.com/catalogsearch/result?q=customhome&type=makeengine&engine=11421&make=8565'),
('FORD', '427 FE DOME', 'https://www.jepistons.com/catalogsearch/result?q=customhome&type=makeengine&engine=11445&make=8565'),
('FORD', '3.5L ECOBOOST V6 GEN 2', 'https://www.jepistons.com/catalogsearch/result?q=customhome&type=makeengine&engine=9600&make=8565'),
('FORD', '351W- HEAVY DUTY - FLAT TOP', 'https://www.jepistons.com/catalogsearch/result?q=customhome&type=makeengine&engine=10788&make=8565'),
('FORD', '351W - STROKER - INVERTED DOME', 'https://www.jepistons.com/catalogsearch/result?q=customhome&type=makeengine&engine=8688&make=8565'),
('FORD', '302 - TWISTED SERIES - 331 / 347 HEAVY DUTY - FLAT TOP', 'https://www.jepistons.com/catalogsearch/result?q=customhome&type=makeengine&engine=10650&make=8565'),
('FORD', '331 / 347 HEAVY DUTY - FLAT TOP', 'https://www.jepistons.com/catalogsearch/result?q=customhome&type=makeengine&engine=8706&make=8565'),
('FORD', '460 - 15° - INVERTED DOME', 'https://www.jepistons.com/catalogsearch/result?q=customhome&type=makeengine&engine=8274&make=8565'),
('FORD', '427 FE INVERTED DOME', 'https://www.jepistons.com/catalogsearch/result?q=customhome&type=makeengine&engine=10251&make=8565'),
('FORD', '302 - TWISTED SERIES - HEAVY DUTY - INVERTED DOME', 'https://www.jepistons.com/catalogsearch/result?q=customhome&type=makeengine&engine=9381&make=8565'),
('FORD', '351 - 9.500" DART / SVO BLOCK - BIG BORE - DOME', 'https://www.jepistons.com/catalogsearch/result?q=customhome&type=makeengine&engine=12456&make=8565'),
('FORD', '351W INVERTED DOME', 'https://www.jepistons.com/catalogsearch/result?q=customhome&type=makeengine&engine=8664&make=8565'),
('FORD', '428 FE DOME', 'https://www.jepistons.com/catalogsearch/result?q=customhome&type=makeengine&engine=12315&make=8565'),
('FORD', '302 - HEAVY DUTY - INVERTED DOME', 'https://www.jepistons.com/catalogsearch/result?q=customhome&type=makeengine&engine=12435&make=8565'),
('FORD', '351W - TWISTED SERIES - INVERTED DOME', 'https://www.jepistons.com/catalogsearch/result?q=customhome&type=makeengine&engine=12699&make=8565'),
('FORD', 'FORD - PINTO / MINI STOCK - DELIGHT - FLAT TOP', 'https://www.jepistons.com/catalogsearch/result?q=customhome&type=makeengine&engine=12165&make=8565'),
('FORD', '460 - STROKER - TFS A460 CYLINDER HEAD - FLAT TOP', 'https://www.jepistons.com/catalogsearch/result?q=customhome&type=makeengine&engine=12573&make=8565'),
('FORD', '2.3L - 2300 PINTO', 'https://www.jepistons.com/catalogsearch/result?q=customhome&type=makeengine&engine=8097&make=8565'),
('FORD', '390 FE INVERTED DOME', 'https://www.jepistons.com/catalogsearch/result?q=customhome&type=makeengine&engine=8310&make=8565'),
('FORD', '351 - CLEVELAND INVERTED DOME', 'https://www.jepistons.com/catalogsearch/result?q=customhome&type=makeengine&engine=8343&make=8565'),
('FORD', '302 FLAT TOP', 'https://www.jepistons.com/catalogsearch/result?q=customhome&type=makeengine&engine=8394&make=8565'),
('FORD', '302 INVERTED DOME', 'https://www.jepistons.com/catalogsearch/result?q=customhome&type=makeengine&engine=8424&make=8565'),
('FORD', '351 - CLEVELAND FLAT TOP', 'https://www.jepistons.com/catalogsearch/result?q=customhome&type=makeengine&engine=8448&make=8565'),
('FORD', '460 FLAT TOP', 'https://www.jepistons.com/catalogsearch/result?q=customhome&type=makeengine&engine=8538&make=8565'),
('FORD', '351W FLAT TOP', 'https://www.jepistons.com/catalogsearch/result?q=customhome&type=makeengine&engine=8703&make=8565'),
('FORD', '302 DOME', 'https://www.jepistons.com/catalogsearch/result?q=customhome&type=makeengine&engine=9648&make=8565'),
('FORD', '3.5L ECOBOOST V6 ULTRA SERIES', 'https://www.jepistons.com/catalogsearch/result?q=customhome&type=makeengine&engine=9762&make=8565'),
('FORD', '351W DOME', 'https://www.jepistons.com/catalogsearch/result?q=customhome&type=makeengine&engine=10221&make=8565'),
('FORD', 'N5B YB', 'https://www.jepistons.com/catalogsearch/result?q=customhome&type=makeengine&engine=10287&make=8565'),
('FORD', '302 BOSS STROKER - CLEVELAND VALVE POCKETS FLAT TOP', 'https://www.jepistons.com/catalogsearch/result?q=customhome&type=makeengine&engine=10323&make=8565'),
('FORD', '460 - FOR M-6049-SCJ CYLINDER HEADS FLAT TOP', 'https://www.jepistons.com/catalogsearch/result?q=customhome&type=makeengine&engine=10530&make=8565'),
('FORD', '460 - FOR M-6049-SCJ CYLINDER HEADS DOME', 'https://www.jepistons.com/catalogsearch/result?q=customhome&type=makeengine&engine=10680&make=8565'),
('FORD', '3.5L ECOBOOST V6', 'https://www.jepistons.com/catalogsearch/result?q=customhome&type=makeengine&engine=10683&make=8565'),
('FORD', '460 INVERTED DOME', 'https://www.jepistons.com/catalogsearch/result?q=customhome&type=makeengine&engine=10728&make=8565'),
('FORD', 'CANADIAN NASCAR', 'https://www.jepistons.com/catalogsearch/result?q=customhome&type=makeengine&engine=8784&make=8565'),
('FORD', '302 BOSS DOME', 'https://www.jepistons.com/catalogsearch/result?q=customhome&type=makeengine&engine=10824&make=8565'),
('FORD', '390 FE FLAT TOP', 'https://www.jepistons.com/catalogsearch/result?q=customhome&type=makeengine&engine=11388&make=8565'),
('FORD', '428 FE INVERTED DOME', 'https://www.jepistons.com/catalogsearch/result?q=customhome&type=makeengine&engine=11433&make=8565'),
('FORD', '428 FE FLAT TOP', 'https://www.jepistons.com/catalogsearch/result?q=customhome&type=makeengine&engine=11676&make=8565'),
('FORD', '351W - 9.500" BIG BLOCK DECK HEIGHT - INVERTED DOME', 'https://www.jepistons.com/catalogsearch/result?q=customhome&type=makeengine&engine=12741&make=8565'),
('HARLEY DAVIDSON', '1561cc TWIN CAM 95', 'https://www.jepistons.com/catalogsearch/result?q=customhome&type=makeengine&engine=1438&make=8577'),
('HARLEY DAVIDSON', '1340cc EVO 80', 'https://www.jepistons.com/catalogsearch/result?q=customhome&type=makeengine&engine=2386&make=8577'),
('HARLEY DAVIDSON', '1663cc REV TECH FLAT TOP 100', 'https://www.jepistons.com/catalogsearch/result?q=customhome&type=makeengine&engine=2476&make=8577'),
('HARLEY DAVIDSON', '1549cc TWIN CAM 95', 'https://www.jepistons.com/catalogsearch/result?q=customhome&type=makeengine&engine=1294&make=8577'),
('HARLEY DAVIDSON', '1595cc TWIN CAM 98', 'https://www.jepistons.com/catalogsearch/result?q=customhome&type=makeengine&engine=3706&make=8577'),
('HARLEY DAVIDSON', '1589cc TWIN CAM FLAT TOP 96', 'https://www.jepistons.com/catalogsearch/result?q=customhome&type=makeengine&engine=2767&make=8577'),
('HARLEY DAVIDSON', '1545cc TWIN CAM 95', 'https://www.jepistons.com/catalogsearch/result?q=customhome&type=makeengine&engine=2746&make=8577'),
('HARLEY DAVIDSON', '1807cc TWIN CAM 110 - DOES NOT FIT RUSHMORE LIQUID COOLED HEADS', 'https://www.jepistons.com/catalogsearch/result?q=customhome&type=makeengine&engine=853&make=8577'),
('HARLEY DAVIDSON', '1584cc TWIN CAM FLAT TOP 96', 'https://www.jepistons.com/catalogsearch/result?q=customhome&type=makeengine&engine=5845&make=8577'),
('HARLEY DAVIDSON', '1655cc REV TECH FLAT TOP 100', 'https://www.jepistons.com/catalogsearch/result?q=customhome&type=makeengine&engine=4318&make=8577'),
('HARLEY DAVIDSON', '1655cc REV TECH INVERTED DOME 100', 'https://www.jepistons.com/catalogsearch/result?q=customhome&type=makeengine&engine=6802&make=8577'),
('HARLEY DAVIDSON', '1745cc TWIN CAM 107 - DOES NOT FIT RUSHMORE LIQUID COOLED HEADS', 'https://www.jepistons.com/catalogsearch/result?q=customhome&type=makeengine&engine=3496&make=8577'),
('HARLEY DAVIDSON', '1455cc TWIN CAM 88', 'https://www.jepistons.com/catalogsearch/result?q=customhome&type=makeengine&engine=5314&make=8577'),
('HARLEY DAVIDSON', '1205cc 1200 SPORTSTER', 'https://www.jepistons.com/catalogsearch/result?q=customhome&type=makeengine&engine=1840&make=8577'),
('HARLEY DAVIDSON', '1802CC TWIN CAM 110 - DOES NOT FIT RUSHMORE LIQUID COOLED HEADS', 'https://www.jepistons.com/catalogsearch/result?q=customhome&type=makeengine&engine=2572&make=8577'),
('HARLEY DAVIDSON', '1695cc TWIN CAM 103 - DOES NOT FIT RUSHMORE LIQUID COOLED HEADS', 'https://www.jepistons.com/catalogsearch/result?q=customhome&type=makeengine&engine=2170&make=8577'),
('HARLEY DAVIDSON', '1361cc EVO 80', 'https://www.jepistons.com/catalogsearch/result?q=customhome&type=makeengine&engine=3823&make=8577'),
('HARLEY DAVIDSON', '1178cc V-ROD', 'https://www.jepistons.com/catalogsearch/result?q=customhome&type=makeengine&engine=952&make=8577'),
('HARLEY DAVIDSON', '1342cc EVO 80', 'https://www.jepistons.com/catalogsearch/result?q=customhome&type=makeengine&engine=571&make=8577'),
('HARLEY DAVIDSON', '1340cc 1340 EVO EDELBROCK', 'https://www.jepistons.com/catalogsearch/result?q=customhome&type=makeengine&engine=5755&make=8577'),
('HARLEY DAVIDSON', '1342cc 1340 EVO EDELBROCK', 'https://www.jepistons.com/catalogsearch/result?q=customhome&type=makeengine&engine=2917&make=8577'),
('HONDA', '449cc CRF 450R', 'https://www.jepistons.com/catalogsearch/result?q=customhome&type=makeengine&engine=5287&make=8580'),
('HONDA', '449cc CRF 450X - PRO SERIES', 'https://www.jepistons.com/catalogsearch/result?q=customhome&type=makeengine&engine=6130&make=8580'),
('HONDA', '469cc TRX 450R', 'https://www.jepistons.com/catalogsearch/result?q=customhome&type=makeengine&engine=3418&make=8580'),
('HONDA', '170cc CRF 150R', 'https://www.jepistons.com/catalogsearch/result?q=customhome&type=makeengine&engine=4114&make=8580'),
('HONDA', '478cc CRF 450R - PRO SERIES', 'https://www.jepistons.com/catalogsearch/result?q=customhome&type=makeengine&engine=6076&make=8580'),
('HONDA', '270cc CRF 250R - PRO SERIES', 'https://www.jepistons.com/catalogsearch/result?q=customhome&type=makeengine&engine=3340&make=8580'),
('HONDA', '477cc TRX 450R - PRO SERIES 2 RING', 'https://www.jepistons.com/catalogsearch/result?q=customhome&type=makeengine&engine=2911&make=8580'),
('HONDA', '449cc TRX 450R - PRO SERIES 2 RING', 'https://www.jepistons.com/catalogsearch/result?q=customhome&type=makeengine&engine=3931&make=8580'),
('HONDA', '277cc XR 250', 'https://www.jepistons.com/catalogsearch/result?q=customhome&type=makeengine&engine=4567&make=8580'),
('HONDA', '277cc XRL 250', 'https://www.jepistons.com/catalogsearch/result?q=customhome&type=makeengine&engine=4570&make=8580'),
('HONDA', '637cc CBR 600F2/F3', 'https://www.jepistons.com/catalogsearch/result?q=customhome&type=makeengine&engine=5272&make=8580'),
('HONDA', '1195cc CBR 1100XX', 'https://www.jepistons.com/catalogsearch/result?q=customhome&type=makeengine&engine=4411&make=8580'),
('HONDA', '229cc TRX 250 EX', 'https://www.jepistons.com/catalogsearch/result?q=customhome&type=makeengine&engine=4720&make=8580'),
('HONDA', '262cc CBR 250R', 'https://www.jepistons.com/catalogsearch/result?q=customhome&type=makeengine&engine=6340&make=8580'),
('HONDA', '262cc CRF 250L', 'https://www.jepistons.com/catalogsearch/result?q=customhome&type=makeengine&engine=6343&make=8580'),
('HONDA', '1795cc HONDA VTX 1800', 'https://www.jepistons.com/catalogsearch/result?q=customhome&type=makeengine&engine=4390&make=8580'),
('HONDA', '449cc CRF450R-WE - PRO SERIES', 'https://www.jepistons.com/catalogsearch/result?q=customhome&type=makeengine&engine=3577&make=8580'),
('HONDA', '449cc CRF450R', 'https://www.jepistons.com/catalogsearch/result?q=customhome&type=makeengine&engine=3580&make=8580'),
('HONDA', 'CRF450RX - PRO SERIES', 'https://www.jepistons.com/catalogsearch/result?q=customhome&type=makeengine&engine=3583&make=8580'),
('HONDA', '954cc CBR 929RR', 'https://www.jepistons.com/catalogsearch/result?q=customhome&type=makeengine&engine=3808&make=8580'),
('HONDA', '449cc TRX 450R', 'https://www.jepistons.com/catalogsearch/result?q=customhome&type=makeengine&engine=592&make=8580'),
('HONDA', '249cc CRF 250R - PRO SERIES', 'https://www.jepistons.com/catalogsearch/result?q=customhome&type=makeengine&engine=2056&make=8580'),
('HONDA', '836cc CB 750 SINGLE CAM', 'https://www.jepistons.com/catalogsearch/result?q=customhome&type=makeengine&engine=3466&make=8580'),
('HONDA', '644cc XR 650L', 'https://www.jepistons.com/catalogsearch/result?q=customhome&type=makeengine&engine=1792&make=8580'),
('HONDA', '449cc CRF450R - PRO SERIES', 'https://www.jepistons.com/catalogsearch/result?q=customhome&type=makeengine&engine=796&make=8580'),
('HONDA', '478cc CRF450R - PRO SERIES', 'https://www.jepistons.com/catalogsearch/result?q=customhome&type=makeengine&engine=1417&make=8580'),
('HONDA', '459cc CRF 450X', 'https://www.jepistons.com/catalogsearch/result?q=customhome&type=makeengine&engine=5812&make=8580'),
('HONDA', '459cc CRF 450R', 'https://www.jepistons.com/catalogsearch/result?q=customhome&type=makeengine&engine=5815&make=8580'),
('HONDA', '600cc CBR 600RR', 'https://www.jepistons.com/catalogsearch/result?q=customhome&type=makeengine&engine=2503&make=8580'),
('HONDA', '686cc TRX 700XX', 'https://www.jepistons.com/catalogsearch/result?q=customhome&type=makeengine&engine=3004&make=8580'),
('HONDA', '330cc TRX 300EX', 'https://www.jepistons.com/catalogsearch/result?q=customhome&type=makeengine&engine=5551&make=8580'),
('HONDA', '1053cc CBR 1000RR', 'https://www.jepistons.com/catalogsearch/result?q=customhome&type=makeengine&engine=3535&make=8580'),
('HONDA', '1327cc HONDA VTX 1300', 'https://www.jepistons.com/catalogsearch/result?q=customhome&type=makeengine&engine=2527&make=8580'),
('HUSQVARNA', '250cc FC250 - PRO SERIES', 'https://www.jepistons.com/catalogsearch/result?q=customhome&type=makeengine&engine=5584&make=8670'),
('HUSQVARNA', '449cc FC450 - PRO SERIES', 'https://www.jepistons.com/catalogsearch/result?q=customhome&type=makeengine&engine=1069&make=8670'),
('HYUNDAI', '3.8L V6', 'https://www.jepistons.com/catalogsearch/result?q=customhome&type=makeengine&engine=2380&make=8739'),
('HYUNDAI', '2.0L - THETA', 'https://www.jepistons.com/catalogsearch/result?q=customhome&type=makeengine&engine=3091&make=8739'),
('HYUNDAI', '1.6L TURBO GDI - GAMMA', 'https://www.jepistons.com/catalogsearch/result?q=customhome&type=makeengine&engine=3802&make=8739'),
('KAWASAKI', '1417cc ZX14', 'https://www.jepistons.com/catalogsearch/result?q=customhome&type=makeengine&engine=3289&make=8682'),
('KAWASAKI', '770cc ZX7R', 'https://www.jepistons.com/catalogsearch/result?q=customhome&type=makeengine&engine=2818&make=8682'),
('KAWASAKI', '449cc KFX 450 - PRO SERIES 2 RING', 'https://www.jepistons.com/catalogsearch/result?q=customhome&type=makeengine&engine=6142&make=8682'),
('KAWASAKI', '1109cc ZX11', 'https://www.jepistons.com/catalogsearch/result?q=customhome&type=makeengine&engine=4255&make=8682'),
('KAWASAKI', '936cc ZX9R (FLAT TOP)', 'https://www.jepistons.com/catalogsearch/result?q=customhome&type=makeengine&engine=4102&make=8682'),
('KAWASAKI', '1078cc ZX10R', 'https://www.jepistons.com/catalogsearch/result?q=customhome&type=makeengine&engine=2242&make=8682'),
('KAWASAKI', '1051cc ZX10R', 'https://www.jepistons.com/catalogsearch/result?q=customhome&type=makeengine&engine=6325&make=8682'),
('KAWASAKI', '282cc NINJA 250R', 'https://www.jepistons.com/catalogsearch/result?q=customhome&type=makeengine&engine=5413&make=8682'),
('KAWASAKI', '449cc KX450F', 'https://www.jepistons.com/catalogsearch/result?q=customhome&type=makeengine&engine=691&make=8682'),
('KAWASAKI', '1075cc KZ 900/1000 ALL EX J MODEL', 'https://www.jepistons.com/catalogsearch/result?q=customhome&type=makeengine&engine=760&make=8682'),
('KAWASAKI', '1200cc KZ 900/1000 ALL EX J MODEL', 'https://www.jepistons.com/catalogsearch/result?q=customhome&type=makeengine&engine=4729&make=8682'),
('KAWASAKI', '599cc ZX6R', 'https://www.jepistons.com/catalogsearch/result?q=customhome&type=makeengine&engine=5719&make=8682'),
('KAWASAKI', '249cc NINJA 250R (NORTH AMERICA)', 'https://www.jepistons.com/catalogsearch/result?q=customhome&type=makeengine&engine=2719&make=8682'),
('KAWASAKI', '249cc NINJA 250R (INTERNATIONAL MARKETS)', 'https://www.jepistons.com/catalogsearch/result?q=customhome&type=makeengine&engine=2722&make=8682'),
('KAWASAKI', '840cc KRF TERYX 750', 'https://www.jepistons.com/catalogsearch/result?q=customhome&type=makeengine&engine=805&make=8682'),
('KAWASAKI', '840cc KVF BRUTE FORCE 750', 'https://www.jepistons.com/catalogsearch/result?q=customhome&type=makeengine&engine=808&make=8682'),
('KAWASAKI', '249cc NINJA 250R (INTERNATIONAL MARKETS) - 2 RING', 'https://www.jepistons.com/catalogsearch/result?q=customhome&type=makeengine&engine=3343&make=8682'),
('KAWASAKI', '469cc KX450F', 'https://www.jepistons.com/catalogsearch/result?q=customhome&type=makeengine&engine=4525&make=8682'),
('KAWASAKI', '1198cc ZX12R', 'https://www.jepistons.com/catalogsearch/result?q=customhome&type=makeengine&engine=4909&make=8682'),
('KAWASAKI', '480cc KFX 450', 'https://www.jepistons.com/catalogsearch/result?q=customhome&type=makeengine&engine=6703&make=8682'),
('KAWASAKI', '924cc ZX9R', 'https://www.jepistons.com/catalogsearch/result?q=customhome&type=makeengine&engine=5293&make=8682'),
('KAWASAKI', '1996 750RR', 'https://www.jepistons.com/catalogsearch/result?q=customhome&type=makeengine&engine=2920&make=8682'),
('KAWASAKI', '488cc KFX 450', 'https://www.jepistons.com/catalogsearch/result?q=customhome&type=makeengine&engine=3790&make=8682'),
('KAWASAKI', '1015cc KZ 900/1000 ALL EX J MODEL', 'https://www.jepistons.com/catalogsearch/result?q=customhome&type=makeengine&engine=3331&make=8682'),
('KAWASAKI', '749cc KVF BRUTE FORCE 750', 'https://www.jepistons.com/catalogsearch/result?q=customhome&type=makeengine&engine=868&make=8682'),
('KAWASAKI', '749cc KRF TERYX 750', 'https://www.jepistons.com/catalogsearch/result?q=customhome&type=makeengine&engine=871&make=8682'),
('KTM', '449cc XC-F - PRO SERIES', 'https://www.jepistons.com/catalogsearch/result?q=customhome&type=makeengine&engine=577&make=8709'),
('KTM', '449cc 450 SX-F', 'https://www.jepistons.com/catalogsearch/result?q=customhome&type=makeengine&engine=580&make=8709'),
('KTM', '511cc 525 SX/EXC - PRO SERIES', 'https://www.jepistons.com/catalogsearch/result?q=customhome&type=makeengine&engine=4606&make=8709'),
('KTM', '511cc 520 SX/EXC', 'https://www.jepistons.com/catalogsearch/result?q=customhome&type=makeengine&engine=4609&make=8709'),
('LAMBORGHINI', '5.2L V10 FSI', 'https://www.jepistons.com/catalogsearch/result?q=customhome&type=makeengine&engine=955&make=8607'),
('LAMBORGHINI', '5.0L V10', 'https://www.jepistons.com/catalogsearch/result?q=customhome&type=makeengine&engine=5614&make=8607'),
('LANCIA', '2.0L 16V', 'https://www.jepistons.com/catalogsearch/result?q=customhome&type=makeengine&engine=1063&make=9690'),
('MAZDA', '1.8L BP', 'https://www.jepistons.com/catalogsearch/result?q=customhome&type=makeengine&engine=751&make=10659'),
('MINI', 'MINI COOPER', 'https://www.jepistons.com/catalogsearch/result?q=customhome&type=makeengine&engine=1267&make=10644'),
('MITSUBISHI', '4B11T', 'https://www.jepistons.com/catalogsearch/result?q=customhome&type=makeengine&engine=631&make=8583'),
('MITSUBISHI', '6G72 DOHC 24V', 'https://www.jepistons.com/catalogsearch/result?q=customhome&type=makeengine&engine=1126&make=8583'),
('MITSUBISHI', '4G63 - 21MM PIN / 6 BOLT', 'https://www.jepistons.com/catalogsearch/result?q=customhome&type=makeengine&engine=1300&make=8583'),
('MITSUBISHI', '4G63 - 22MM PIN', 'https://www.jepistons.com/catalogsearch/result?q=customhome&type=makeengine&engine=1333&make=8583'),
('MITSUBISHI', '4G64 - 22MM PIN WITH 4G63 HEAD', 'https://www.jepistons.com/catalogsearch/result?q=customhome&type=makeengine&engine=4621&make=8583'),
('MITSUBISHI', '4G63', 'https://www.jepistons.com/catalogsearch/result?q=customhome&type=makeengine&engine=9873&make=8583'),
('NISSAN', 'SR20DET', 'https://www.jepistons.com/catalogsearch/result?q=customhome&type=makeengine&engine=688&make=8574'),
('NISSAN', 'RB25DET', 'https://www.jepistons.com/catalogsearch/result?q=customhome&type=makeengine&engine=811&make=8574'),
('NISSAN', 'SR20VE', 'https://www.jepistons.com/catalogsearch/result?q=customhome&type=makeengine&engine=817&make=8574'),
('NISSAN', 'KA24DE', 'https://www.jepistons.com/catalogsearch/result?q=customhome&type=makeengine&engine=1075&make=8574'),
('NISSAN', 'QR25DE', 'https://www.jepistons.com/catalogsearch/result?q=customhome&type=makeengine&engine=1552&make=8574'),
('NISSAN', 'TB48DE', 'https://www.jepistons.com/catalogsearch/result?q=customhome&type=makeengine&engine=1558&make=8574'),
('NISSAN', 'VR38DETT', 'https://www.jepistons.com/catalogsearch/result?q=customhome&type=makeengine&engine=1681&make=8574'),
('NISSAN', 'FJ20', 'https://www.jepistons.com/catalogsearch/result?q=customhome&type=makeengine&engine=1684&make=8574'),
('NISSAN', 'CA18DET', 'https://www.jepistons.com/catalogsearch/result?q=customhome&type=makeengine&engine=1852&make=8574'),
('NISSAN', 'VG30DETT', 'https://www.jepistons.com/catalogsearch/result?q=customhome&type=makeengine&engine=10479&make=8574'),
('NISSAN', 'VQ37VHR', 'https://www.jepistons.com/catalogsearch/result?q=customhome&type=makeengine&engine=1957&make=8574'),
('NISSAN', 'VQ35HR', 'https://www.jepistons.com/catalogsearch/result?q=customhome&type=makeengine&engine=2191&make=8574'),
('NISSAN', 'VQ35DE', 'https://www.jepistons.com/catalogsearch/result?q=customhome&type=makeengine&engine=2584&make=8574'),
('NISSAN', 'RB26DETT', 'https://www.jepistons.com/catalogsearch/result?q=customhome&type=makeengine&engine=3325&make=8574'),
('NISSAN', 'VR30DDTT', 'https://www.jepistons.com/catalogsearch/result?q=customhome&type=makeengine&engine=4672&make=8574'),
('OLDSMOBILE', 'BBC FLAT TOP', 'https://www.jepistons.com/catalogsearch/result?q=customhome&type=makeengine&engine=9087&make=9090'),
('OPEL', '1.6L GSI 16V - X16EX', 'https://www.jepistons.com/catalogsearch/result?q=customhome&type=makeengine&engine=1906&make=9672'),
('OPEL', '2.0L GSI 16V - C20XE', 'https://www.jepistons.com/catalogsearch/result?q=customhome&type=makeengine&engine=2128&make=9672'),
('PEUGEOT', '1.6L 8V TU5J2', 'https://www.jepistons.com/catalogsearch/result?q=customhome&type=makeengine&engine=961&make=8598'),
('PEUGEOT', '1.6L 8V XU5JA', 'https://www.jepistons.com/catalogsearch/result?q=customhome&type=makeengine&engine=1291&make=8598'),
('PEUGEOT', '1.9L 8V XU9JA', 'https://www.jepistons.com/catalogsearch/result?q=customhome&type=makeengine&engine=3604&make=8598'),
('POLARIS', '999cc POLARIS RZR XP 1000', 'https://www.jepistons.com/catalogsearch/result?q=customhome&type=makeengine&engine=1381&make=8601'),
('POLARIS', '900cc RZR XP 900', 'https://www.jepistons.com/catalogsearch/result?q=customhome&type=makeengine&engine=2410&make=8601'),
('POLARIS', '912cc RZR XP 900', 'https://www.jepistons.com/catalogsearch/result?q=customhome&type=makeengine&engine=970&make=8601'),
('POLARIS', '760cc RZR 800', 'https://www.jepistons.com/catalogsearch/result?q=customhome&type=makeengine&engine=3847&make=8601'),
('POLARIS', '760cc SPORTSMAN 800', 'https://www.jepistons.com/catalogsearch/result?q=customhome&type=makeengine&engine=3850&make=8601'),
('POLARIS', '971cc RZR XP 900', 'https://www.jepistons.com/catalogsearch/result?q=customhome&type=makeengine&engine=3775&make=8601'),
('POLARIS', '909cc XP 850 SPORTSMAN', 'https://www.jepistons.com/catalogsearch/result?q=customhome&type=makeengine&engine=5809&make=8601'),
('POLARIS', '932cc RZR XP 900', 'https://www.jepistons.com/catalogsearch/result?q=customhome&type=makeengine&engine=1117&make=8601'),
('POLARIS', '971cc XP 850 SPORTSMAN', 'https://www.jepistons.com/catalogsearch/result?q=customhome&type=makeengine&engine=4018&make=8601'),
('POLARIS', '820cc RZR 800', 'https://www.jepistons.com/catalogsearch/result?q=customhome&type=makeengine&engine=1582&make=8601'),
('POLARIS', '820cc SPORTSMAN 800', 'https://www.jepistons.com/catalogsearch/result?q=customhome&type=makeengine&engine=1585&make=8601'),
('POLARIS', '560cc PREDATOR 500', 'https://www.jepistons.com/catalogsearch/result?q=customhome&type=makeengine&engine=4552&make=8601'),
('POLARIS', '850cc XP 850 SPORTSMAN', 'https://www.jepistons.com/catalogsearch/result?q=customhome&type=makeengine&engine=6283&make=8601'),
('PONTIAC', 'BBC FLAT TOP', 'https://www.jepistons.com/catalogsearch/result?q=customhome&type=makeengine&engine=9087&make=11073'),
('PONTIAC', '400 FLAT TOP', 'https://www.jepistons.com/catalogsearch/result?q=customhome&type=makeengine&engine=11823&make=11073'),
('PONTIAC', '428 FLAT TOP', 'https://www.jepistons.com/catalogsearch/result?q=customhome&type=makeengine&engine=11826&make=11073'),
('PORSCHE', 'AIRCOOLED 911 2.2L', 'https://www.jepistons.com/catalogsearch/result?q=customhome&type=makeengine&engine=11484&make=8676'),
('PORSCHE', 'AIRCOOLED 911 2.7L', 'https://www.jepistons.com/catalogsearch/result?q=customhome&type=makeengine&engine=10035&make=8676'),
('PORSCHE', 'AIRCOOLED 911 3.0L', 'https://www.jepistons.com/catalogsearch/result?q=customhome&type=makeengine&engine=8712&make=8676'),
('PORSCHE', 'AIRCOOLED 911 3.2L', 'https://www.jepistons.com/catalogsearch/result?q=customhome&type=makeengine&engine=8691&make=8676'),
('PORSCHE', 'AIRCOOLED 911 3.3L TURBO', 'https://www.jepistons.com/catalogsearch/result?q=customhome&type=makeengine&engine=9474&make=8676'),
('PORSCHE', 'AIRCOOLED 911 3.6L', 'https://www.jepistons.com/catalogsearch/result?q=customhome&type=makeengine&engine=10440&make=8676'),
('PORSCHE', 'AIRCOOLED 911 2.4L', 'https://www.jepistons.com/catalogsearch/result?q=customhome&type=makeengine&engine=12039&make=8676'),
('PORSCHE', 'AIRCOOLED 911 3.0L TURBO', 'https://www.jepistons.com/catalogsearch/result?q=customhome&type=makeengine&engine=11331&make=8676'),
('PORSCHE', 'AIRCOOLED 911 2.0L', 'https://www.jepistons.com/catalogsearch/result?q=customhome&type=makeengine&engine=9678&make=8676'),
('PORSCHE', '3.6L TWIN TURBO M96.70', 'https://www.jepistons.com/catalogsearch/result?q=customhome&type=makeengine&engine=4027&make=8676'),
('PORSCHE', 'AIRCOOLED 911 3.8L', 'https://www.jepistons.com/catalogsearch/result?q=customhome&type=makeengine&engine=8673&make=8676'),
('PORSCHE', 'AIRCOOLED 911 3.3L', 'https://www.jepistons.com/catalogsearch/result?q=customhome&type=makeengine&engine=12255&make=8676'),
('RENAULT', 'F4R', 'https://www.jepistons.com/catalogsearch/result?q=customhome&type=makeengine&engine=697&make=9300'),
('RENAULT', '840-30', 'https://www.jepistons.com/catalogsearch/result?q=customhome&type=makeengine&engine=1174&make=9300'),
('RENAULT', 'F7P', 'https://www.jepistons.com/catalogsearch/result?q=customhome&type=makeengine&engine=1177&make=9300'),
('RENAULT', 'F7R', 'https://www.jepistons.com/catalogsearch/result?q=customhome&type=makeengine&engine=1492&make=9300'),
('RENAULT', 'F7RR', 'https://www.jepistons.com/catalogsearch/result?q=customhome&type=makeengine&engine=3349&make=9300'),
('SEA DOO - WATER', '1508cc SEA DOO RXP/RXP-X/RXT/RXT-X', 'https://www.jepistons.com/catalogsearch/result?q=customhome&type=makeengine&engine=1315&make=9534'),
('SUBARU', 'FA20 / 4U-GSE', 'https://www.jepistons.com/catalogsearch/result?q=customhome&type=makeengine&engine=9156&make=8613'),
('SUBARU', 'EJ257 - WITH EJ20 HEAD', 'https://www.jepistons.com/catalogsearch/result?q=customhome&type=makeengine&engine=616&make=8613'),
('SUBARU', 'EJ257', 'https://www.jepistons.com/catalogsearch/result?q=customhome&type=makeengine&engine=913&make=8613'),
('SUBARU', 'EJ205', 'https://www.jepistons.com/catalogsearch/result?q=customhome&type=makeengine&engine=1096&make=8613'),
('SUBARU', 'EJ25 DOHC', 'https://www.jepistons.com/catalogsearch/result?q=customhome&type=makeengine&engine=1135&make=8613'),
('SUBARU', 'EJ25 SOHC', 'https://www.jepistons.com/catalogsearch/result?q=customhome&type=makeengine&engine=1369&make=8613'),
('SUBARU', 'FA20DIT- DIRECT INJECTION TURBO', 'https://www.jepistons.com/catalogsearch/result?q=customhome&type=makeengine&engine=1387&make=8613'),
('SUBARU', 'EJ22 TURBO', 'https://www.jepistons.com/catalogsearch/result?q=customhome&type=makeengine&engine=4666&make=8613'),
('SUBARU', 'EJ257 WITH EJ205 HEAD', 'https://www.jepistons.com/catalogsearch/result?q=customhome&type=makeengine&engine=10398&make=8613'),
('SUZUKI', '650cc DL650', 'https://www.jepistons.com/catalogsearch/result?q=customhome&type=makeengine&engine=6484&make=8700'),
('SUZUKI', '650cc SV 650', 'https://www.jepistons.com/catalogsearch/result?q=customhome&type=makeengine&engine=6487&make=8700'),
('SUZUKI', '1429cc GSX 1300R', 'https://www.jepistons.com/catalogsearch/result?q=customhome&type=makeengine&engine=1756&make=8700'),
('SUZUKI', '1070cc GSXR 1000', 'https://www.jepistons.com/catalogsearch/result?q=customhome&type=makeengine&engine=1033&make=8700'),
('SUZUKI', '1441cc GSX 1300R', 'https://www.jepistons.com/catalogsearch/result?q=customhome&type=makeengine&engine=2656&make=8700'),
('SUZUKI', '474cc LT-R 450', 'https://www.jepistons.com/catalogsearch/result?q=customhome&type=makeengine&engine=4564&make=8700'),
('SUZUKI', '1186cc GSXR 1100', 'https://www.jepistons.com/catalogsearch/result?q=customhome&type=makeengine&engine=4528&make=8700'),
('SUZUKI', '1186cc GSXR 1100F KATANA', 'https://www.jepistons.com/catalogsearch/result?q=customhome&type=makeengine&engine=4531&make=8700'),
('SUZUKI', '1186cc BANDIT', 'https://www.jepistons.com/catalogsearch/result?q=customhome&type=makeengine&engine=4534&make=8700'),
('SUZUKI', '1299cc GSX 1300R', 'https://www.jepistons.com/catalogsearch/result?q=customhome&type=makeengine&engine=2935&make=8700'),
('SUZUKI', '474cc RM-Z 450', 'https://www.jepistons.com/catalogsearch/result?q=customhome&type=makeengine&engine=6643&make=8700'),
('SUZUKI', '493cc RM-Z 450', 'https://www.jepistons.com/catalogsearch/result?q=customhome&type=makeengine&engine=6883&make=8700'),
('SUZUKI', '449cc RM-Z 450 - PRO SERIES', 'https://www.jepistons.com/catalogsearch/result?q=customhome&type=makeengine&engine=3187&make=8700'),
('SUZUKI', '1394cc GS 1100', 'https://www.jepistons.com/catalogsearch/result?q=customhome&type=makeengine&engine=5101&make=8700'),
('SUZUKI', '1201cc GSXR 1100F KATANA', 'https://www.jepistons.com/catalogsearch/result?q=customhome&type=makeengine&engine=5767&make=8700'),
('SUZUKI', '1201cc BANDIT', 'https://www.jepistons.com/catalogsearch/result?q=customhome&type=makeengine&engine=5773&make=8700'),
('SUZUKI', '1201cc GSXR 1100', 'https://www.jepistons.com/catalogsearch/result?q=customhome&type=makeengine&engine=5770&make=8700'),
('SUZUKI', '907cc GSXR 750 (WATERCOOLED)', 'https://www.jepistons.com/catalogsearch/result?q=customhome&type=makeengine&engine=5494&make=8700'),
('SUZUKI', '1277cc GSXR 1100F KATANA', 'https://www.jepistons.com/catalogsearch/result?q=customhome&type=makeengine&engine=6793&make=8700'),
('SUZUKI', '1277cc BANDIT', 'https://www.jepistons.com/catalogsearch/result?q=customhome&type=makeengine&engine=6790&make=8700'),
('SUZUKI', '1277cc GSXR 1100', 'https://www.jepistons.com/catalogsearch/result?q=customhome&type=makeengine&engine=6796&make=8700'),
('SUZUKI', '599cc GSXR 600', 'https://www.jepistons.com/catalogsearch/result?q=customhome&type=makeengine&engine=5008&make=8700'),
('SUZUKI', '617cc GSXR 600', 'https://www.jepistons.com/catalogsearch/result?q=customhome&type=makeengine&engine=6412&make=8700'),
('SUZUKI', '1500cc GS 1100', 'https://www.jepistons.com/catalogsearch/result?q=customhome&type=makeengine&engine=3691&make=8700'),
('SUZUKI', '1195cc GSXR 1100W', 'https://www.jepistons.com/catalogsearch/result?q=customhome&type=makeengine&engine=799&make=8700'),
('SUZUKI', '650cc DR 650', 'https://www.jepistons.com/catalogsearch/result?q=customhome&type=makeengine&engine=6337&make=8700'),
('SUZUKI', '1036cc TL1000R', 'https://www.jepistons.com/catalogsearch/result?q=customhome&type=makeengine&engine=4852&make=8700'),
('SUZUKI', '1146cc GSXR 1100W', 'https://www.jepistons.com/catalogsearch/result?q=customhome&type=makeengine&engine=6178&make=8700'),
('TOYOTA', '2JZ-GTE', 'https://www.jepistons.com/catalogsearch/result?q=customhome&type=makeengine&engine=535&make=8568'),
('TOYOTA', '3S-GTE', 'https://www.jepistons.com/catalogsearch/result?q=customhome&type=makeengine&engine=793&make=8568'),
('TOYOTA', '1JZ-GTE', 'https://www.jepistons.com/catalogsearch/result?q=customhome&type=makeengine&engine=967&make=8568'),
('TOYOTA', '7M-GTE', 'https://www.jepistons.com/catalogsearch/result?q=customhome&type=makeengine&engine=1312&make=8568'),
('TOYOTA', '2AR-FE', 'https://www.jepistons.com/catalogsearch/result?q=customhome&type=makeengine&engine=1426&make=8568'),
('TOYOTA', '2AZ-FE', 'https://www.jepistons.com/catalogsearch/result?q=customhome&type=makeengine&engine=1546&make=8568'),
('TOYOTA', '2ZZ-GE', 'https://www.jepistons.com/catalogsearch/result?q=customhome&type=makeengine&engine=11007&make=8568'),
('TOYOTA', '1FZ-FE', 'https://www.jepistons.com/catalogsearch/result?q=customhome&type=makeengine&engine=2074&make=8568'),
('TOYOTA', '4A-GE 20V', 'https://www.jepistons.com/catalogsearch/result?q=customhome&type=makeengine&engine=11253&make=8568'),
('TOYOTA', '4A-GE 16V', 'https://www.jepistons.com/catalogsearch/result?q=customhome&type=makeengine&engine=12078&make=8568'),
('TOYOTA', '3S-GE BEAMS', 'https://www.jepistons.com/catalogsearch/result?q=customhome&type=makeengine&engine=2401&make=8568'),
('TOYOTA', '5S-FE - WITH 3S-GTE / 5S-FE BLOCK', 'https://www.jepistons.com/catalogsearch/result?q=customhome&type=makeengine&engine=4246&make=8568'),
('TOYOTA', 'FA20 / 4UGSE', 'https://www.jepistons.com/catalogsearch/result?q=customhome&type=makeengine&engine=10887&make=8568'),
('YAMAHA', '249cc YFM250R RAPTOR', 'https://www.jepistons.com/catalogsearch/result?q=customhome&type=makeengine&engine=5602&make=8586'),
('YAMAHA', '449cc YZ 450F', 'https://www.jepistons.com/catalogsearch/result?q=customhome&type=makeengine&engine=703&make=8586'),
('YAMAHA', '449cc WR 450F - PRO SERIES 2 RING', 'https://www.jepistons.com/catalogsearch/result?q=customhome&type=makeengine&engine=2740&make=8586'),
('YAMAHA', '449cc YAMAHA YZ450F - PRO-SERIES 3 RING', 'https://www.jepistons.com/catalogsearch/result?q=customhome&type=makeengine&engine=709&make=8586'),
('YAMAHA', '450cc YAMAHA YZ 450F', 'https://www.jepistons.com/catalogsearch/result?q=customhome&type=makeengine&engine=937&make=8586'),
('YAMAHA', '450cc YZ 450FX', 'https://www.jepistons.com/catalogsearch/result?q=customhome&type=makeengine&engine=943&make=8586'),
('YAMAHA', '450cc WR 450F - PRO-SERIES 3 RING', 'https://www.jepistons.com/catalogsearch/result?q=customhome&type=makeengine&engine=1870&make=8586'),
('YAMAHA', '449cc YAMAHA YZ450F - PRO-SERIES 2 RING', 'https://www.jepistons.com/catalogsearch/result?q=customhome&type=makeengine&engine=3163&make=8586'),
('YAMAHA', '478cc YFZ 450R - PRO SERIES 3 RING', 'https://www.jepistons.com/catalogsearch/result?q=customhome&type=makeengine&engine=1411&make=8586'),
('YAMAHA', '478cc YFZ 450', 'https://www.jepistons.com/catalogsearch/result?q=customhome&type=makeengine&engine=1414&make=8586'),
('YAMAHA', '735cc GRIZZLY', 'https://www.jepistons.com/catalogsearch/result?q=customhome&type=makeengine&engine=3169&make=8586'),
('YAMAHA', '735cc RAPTOR 700', 'https://www.jepistons.com/catalogsearch/result?q=customhome&type=makeengine&engine=3172&make=8586'),
('YAMAHA', '735cc RHINO 700', 'https://www.jepistons.com/catalogsearch/result?q=customhome&type=makeengine&engine=3175&make=8586'),
('YAMAHA', '450cc YAMAHA YZ 450F - PRO SERIES 2 RING', 'https://www.jepistons.com/catalogsearch/result?q=customhome&type=makeengine&engine=4060&make=8586'),
('YAMAHA', '673cc GRIZZLY', 'https://www.jepistons.com/catalogsearch/result?q=customhome&type=makeengine&engine=1711&make=8586'),
('YAMAHA', '673cc RHINO', 'https://www.jepistons.com/catalogsearch/result?q=customhome&type=makeengine&engine=4945&make=8586'),
('YAMAHA', '673cc YFM RAPTOR 660', 'https://www.jepistons.com/catalogsearch/result?q=customhome&type=makeengine&engine=1717&make=8586'),
('YAMAHA', '700cc RAPTOR 700', 'https://www.jepistons.com/catalogsearch/result?q=customhome&type=makeengine&engine=5461&make=8586'),
('YAMAHA', '700cc RHINO 700', 'https://www.jepistons.com/catalogsearch/result?q=customhome&type=makeengine&engine=5464&make=8586'),
('YAMAHA', '700cc GRIZZLY', 'https://www.jepistons.com/catalogsearch/result?q=customhome&type=makeengine&engine=2884&make=8586'),
('YAMAHA', '470cc YFZ 450', 'https://www.jepistons.com/catalogsearch/result?q=customhome&type=makeengine&engine=3595&make=8586'),
('YAMAHA', '686cc RHINO 700', 'https://www.jepistons.com/catalogsearch/result?q=customhome&type=makeengine&engine=1360&make=8586'),
('YAMAHA', '686cc GRIZZLY', 'https://www.jepistons.com/catalogsearch/result?q=customhome&type=makeengine&engine=1363&make=8586'),
('YAMAHA', '686cc RAPTOR 700', 'https://www.jepistons.com/catalogsearch/result?q=customhome&type=makeengine&engine=1366&make=8586'),
('YAMAHA', '449cc WR 450F - PRO SERIES 3 RING', 'https://www.jepistons.com/catalogsearch/result?q=customhome&type=makeengine&engine=4054&make=8586'),
('YAMAHA', '637cc YZF-R6', 'https://www.jepistons.com/catalogsearch/result?q=customhome&type=makeengine&engine=6769&make=8586'),
('YAMAHA', '250cc YZ 250F', 'https://www.jepistons.com/catalogsearch/result?q=customhome&type=makeengine&engine=2779&make=8586'),
('YAMAHA', '727cc YFM RAPTOR 660', 'https://www.jepistons.com/catalogsearch/result?q=customhome&type=makeengine&engine=1246&make=8586'),
('YAMAHA', '727cc GRIZZLY', 'https://www.jepistons.com/catalogsearch/result?q=customhome&type=makeengine&engine=1252&make=8586'),
('YAMAHA', '727cc RHINO', 'https://www.jepistons.com/catalogsearch/result?q=customhome&type=makeengine&engine=5467&make=8586'),
('YAMAHA', '470cc YFZ 450R', 'https://www.jepistons.com/catalogsearch/result?q=customhome&type=makeengine&engine=3598&make=8586'),
('YAMAHA', '366cc YFM 350 WARRIOR', 'https://www.jepistons.com/catalogsearch/result?q=customhome&type=makeengine&engine=1936&make=8586'),
('YAMAHA', '366cc RAPTOR 350', 'https://www.jepistons.com/catalogsearch/result?q=customhome&type=makeengine&engine=1939&make=8586'),
('YAMAHA', '366cc GRIZZLY 350', 'https://www.jepistons.com/catalogsearch/result?q=customhome&type=makeengine&engine=1942&make=8586'),
('YAMAHA', '498cc WR 450F', 'https://www.jepistons.com/catalogsearch/result?q=customhome&type=makeengine&engine=2713&make=8586'),
('YAMAHA', '498cc YZ 450F', 'https://www.jepistons.com/catalogsearch/result?q=customhome&type=makeengine&engine=2716&make=8586'),
('YAMAHA', '250cc WR 250F - PRO SERIES 2 RING', 'https://www.jepistons.com/catalogsearch/result?q=customhome&type=makeengine&engine=739&make=8586'),
('YAMAHA', '250cc YAMAHA YZ 250F', 'https://www.jepistons.com/catalogsearch/result?q=customhome&type=makeengine&engine=742&make=8586'),
('YAMAHA', '250cc YZ 250FX', 'https://www.jepistons.com/catalogsearch/result?q=customhome&type=makeengine&engine=745&make=8586'),
('YAMAHA', '425cc GRIZZLY 450', 'https://www.jepistons.com/catalogsearch/result?q=customhome&type=makeengine&engine=3964&make=8586'),
('YAMAHA', '425cc RHINO 450', 'https://www.jepistons.com/catalogsearch/result?q=customhome&type=makeengine&engine=3967&make=8586'),
('YAMAHA', '425cc KODIAK 450', 'https://www.jepistons.com/catalogsearch/result?q=customhome&type=makeengine&engine=3970&make=8586'),
('YAMAHA', '425cc WOLVERINE', 'https://www.jepistons.com/catalogsearch/result?q=customhome&type=makeengine&engine=3973&make=8586'),
('YAMAHA', '439cc YFZ 450', 'https://www.jepistons.com/catalogsearch/result?q=customhome&type=makeengine&engine=2458&make=8586'),
('YAMAHA', '1051cc R1', 'https://www.jepistons.com/catalogsearch/result?q=customhome&type=makeengine&engine=4792&make=8586'),
('YAMAHA - SNOW', '1049cc FX/RTX NYTRO', 'https://www.jepistons.com/catalogsearch/result?q=customhome&type=makeengine&engine=4966&make=10380'),
('YAMAHA - WATER', '1832cc FX SHO 1800', 'https://www.jepistons.com/catalogsearch/result?q=customhome&type=makeengine&engine=772&make=9705')